Var1_1,Var1_2,Var1_3,Var1_4
129.278662257268,168.25459641017,189.152730961777,231.574670603756
